student_id,name,age,gender,department,semester,attendance,math,science,english,programming,assignment_score,midterm_score,final_exam_score,total_marks,percentage,grade,result,performance_category
1001,Meera Patel,19,F,ECE,4,67.0,51,88.0,97.0,97,79.0,45,77,333.0,83.25,A,Pass,Good
1002,Sneha Sharma,19,M,ECE,4,80.2,46,80.0,62.0,85,86.0,84,74,273.0,68.25,C,Pass,Average
1003,Sneha Singh,22,F,CSE,4,87.1,66,62.0,59.0,53,93.0,61,46,240.0,60.0,C,Pass,Average
1004,Aditya Verma,19,F,EEE,5,91.1,91,74.0,84.0,47,69.0,45,75,296.0,74.0,B,Pass,Average
1005,Rohit Nair,21,M,CSE,3,85.8,94,63.0,55.0,94,59.0,95,46,306.0,76.5,B,Pass,Good
1006,Neha Das,22,F,ECE,5,74.8,87,62.0,94.0,99,88.0,81,44,342.0,85.5,A,Pass,Good
1007,Nisha Kumar,23,M,ECE,6,75.7,85,89.0,85.0,54,88.0,60,93,313.0,78.25,B,Pass,Good
1008,Shreya Sharma,20,M,EEE,6,71.6,58,68.30927835051547,95.0,60,58.0,81,71,281.30927835051546,70.32731958762886,B,Pass,Average
1009,Neha Gupta,20,F,ECE,4,88.8,79,61.0,97.0,77,72.0,97,77,314.0,78.5,B,Pass,Good
1010,Neha Mishra,20,M,ME,6,65.3,48,52.0,59.0,80,55.0,90,83,239.0,59.75,D,Pass,Needs Improvement
1011,Sneha Nair,19,F,IT,6,81.0,80,45.0,93.0,86,52.0,83,96,304.0,76.0,B,Pass,Good
1012,Isha Das,21,M,EEE,6,67.7,45,91.0,96.0,56,77.0,88,51,288.0,72.0,B,Pass,Average
1013,Kavya Patel,21,M,ECE,5,89.5,79,94.0,83.0,98,45.0,78,60,354.0,88.5,A,Pass,Good
1014,Pooja Sharma,19,F,EEE,4,64.1,81,50.0,55.0,86,76.0,92,44,272.0,68.0,C,Pass,Average
1015,Shreya Roy,20,M,IT,4,71.5,83,72.0,63.0,99,79.0,88,86,317.0,79.25,B,Pass,Good
1016,Riya Singh,21,F,EEE,6,80.29795918367347,73,52.0,65.0,54,49.0,61,41,244.0,61.0,C,Pass,Average
1017,Simran Roy,20,M,CSE,3,87.5,48,59.0,54.0,97,47.0,95,61,258.0,64.5,C,Pass,Average
1018,Aditya Roy,20,F,IT,4,81.4,91,81.0,86.0,70,60.0,90,70,328.0,82.0,A,Pass,Good
1019,Sneha Singh,19,M,IT,5,105.0,74,91.0,53.0,83,86.0,81,46,301.0,75.25,B,Pass,Good
1020,Vivaan Verma,21,M,ECE,4,68.8,73,53.0,77.0,51,62.0,69,55,254.0,63.5,C,Pass,Average
1021,Aditya Gupta,23,M,CSE,3,96.9,93,60.0,60.0,66,76.0,70,53,279.0,69.75,C,Pass,Average
1022,Neha Sharma,20,F,CSE,6,71.5,95,95.0,79.0,58,72.0,84,86,327.0,81.75,A,Pass,Good
1023,Isha Gupta,20,M,EEE,4,96.9,82,92.0,84.0,43,92.0,60,43,301.0,75.25,B,Pass,Good
1024,Vivaan Nair,22,M,CSE,3,92.6,49,83.0,54.0,83,100.0,55,65,269.0,67.25,C,Pass,Average
1025,Arjun Nair,20,M,ME,3,77.1,82,68.30927835051547,83.0,60,61.0,53,82,293.30927835051546,73.32731958762886,B,Pass,Average
1026,Riya Mishra,20,F,IT,4,86.2,64,74.0,70.0,99,93.0,44,40,307.0,76.75,B,Pass,Good
1027,Anjali Nair,23,M,CSE,4,80.2,53,67.0,54.0,96,60.0,63,58,270.0,67.5,C,Pass,Average
1028,Rohan Gupta,23,F,ME,3,86.0,80,64.0,92.0,46,53.0,56,47,282.0,70.5,B,Pass,Average
1029,Arjun Roy,20,F,EEE,4,87.8,58,88.0,90.0,94,61.0,72,71,330.0,82.5,A,Pass,Good
1030,Vikash Sharma,19,F,EEE,3,62.1,94,53.0,90.0,56,55.0,87,68,293.0,73.25,B,Pass,Average
1031,Isha Verma,23,M,CSE,3,96.0,89,54.0,84.0,42,98.0,63,77,269.0,67.25,C,Pass,Average
1032,Isha Kumar,22,M,CSE,5,75.1,95,47.0,72.0,53,88.0,55,82,267.0,66.75,C,Pass,Average
1033,Arjun Mishra,23,F,ME,4,95.3,60,55.0,61.0,96,72.3061224489796,41,51,272.0,68.0,C,Pass,Average
1034,Aditi Mishra,22,M,EEE,4,90.3,51,69.0,52.0,94,75.0,54,52,266.0,66.5,C,Pass,Average
1035,Anjali Mishra,21,M,ECE,3,85.8,70,66.0,67.0,95,49.0,89,57,298.0,74.5,B,Pass,Average
1036,Priya Roy,22,F,CSE,3,93.6,61,56.0,87.0,56,47.0,46,78,260.0,65.0,C,Pass,Average
1037,Sneha Mishra,21,F,ME,3,75.9,81,57.0,66.0,42,90.0,67,40,246.0,61.5,C,Pass,Average
1038,Kavya Roy,20,F,IT,3,96.2,66,84.0,70.0,82,99.0,47,86,302.0,75.5,B,Pass,Good
1039,Rohit Roy,21,F,EEE,6,87.1,80,53.0,62.0,66,87.0,64,83,261.0,65.25,C,Pass,Average
1040,Aditi Kumar,23,F,IT,3,72.9,58,72.0,87.0,78,86.0,60,69,295.0,73.75,B,Pass,Average
1041,Anjali Gupta,20,F,ECE,3,72.2,87,85.0,89.0,61,50.0,92,88,322.0,80.5,A,Pass,Good
1042,Aman Das,20,M,ECE,3,63.7,75,84.0,54.0,69,71.0,96,80,282.0,70.5,B,Pass,Average
1043,Simran Singh,22,F,IT,4,67.3,89,45.0,98.0,95,94.0,96,46,327.0,81.75,A,Pass,Good
1044,Shreya Verma,20,M,ME,6,63.8,60,52.0,79.0,48,96.0,69,82,239.0,59.75,D,Pass,Needs Improvement
1045,Kavya Roy,23,F,IT,6,91.9,80,73.0,74.92857142857143,87,100.0,70,68,314.92857142857144,78.73214285714286,B,Pass,Good
1046,Vikash Singh,21,F,ECE,5,77.8,90,63.0,65.0,57,66.0,60,97,275.0,68.75,C,Pass,Average
1047,Isha Patel,20,M,ECE,6,87.0,90,58.0,54.0,66,71.0,61,74,268.0,67.0,C,Pass,Average
1048,Anjali Verma,19,M,IT,6,94.6,82,89.0,51.0,94,93.0,76,64,316.0,79.0,B,Pass,Good
1049,Pooja Sharma,21,F,IT,6,81.4,92,79.0,88.0,97,59.0,71,54,356.0,89.0,A,Pass,Good
1050,Vikash Verma,22,M,IT,5,86.1,96,70.0,96.0,50,98.0,69,98,312.0,78.0,B,Pass,Good
1051,Rahul Nair,23,M,IT,3,65.0,72,53.0,79.0,51,48.0,56,64,255.0,63.74999999999999,C,Pass,Average
1052,Ananya Singh,22,F,EEE,6,72.0,98,68.30927835051547,66.0,93,50.0,70,41,325.30927835051546,81.32731958762886,A,Pass,Good
1053,Aditi Roy,19,F,ECE,3,90.1,86,47.0,98.0,41,60.0,52,93,272.0,68.0,C,Pass,Average
1054,Aarav Nair,20,M,ECE,6,86.1,81,58.0,79.0,84,61.0,89,63,302.0,75.5,B,Pass,Good
1055,Rohan Nair,23,M,ECE,5,65.9,46,64.0,86.0,83,69.0,65,85,279.0,69.75,C,Pass,Average
1056,Karan Patel,23,M,CSE,5,92.6,83,96.0,57.0,90,81.0,90,42,326.0,81.5,A,Pass,Good
1057,Priya Roy,22,F,CSE,5,62.5,71,97.0,81.0,46,72.0,63,80,295.0,73.75,B,Pass,Average
1058,Anjali Kumar,22,M,ME,5,84.2,108,94.0,80.0,69,72.0,92,86,351.0,87.75,A,Pass,Good
1059,Simran Das,21,M,CSE,5,93.7,60,93.0,79.0,76,84.0,82,64,308.0,77.0,B,Pass,Good
1060,Ananya Sharma,22,F,ECE,6,69.6,96,61.0,71.0,57,83.0,84,96,285.0,71.25,B,Pass,Average
1061,Vikash Roy,19,M,CSE,4,87.9,76,80.0,98.0,55,89.0,70,81,309.0,77.25,B,Pass,Good
1062,Riya Gupta,22,M,CSE,5,70.0,89,60.0,69.0,82,82.0,63,70,300.0,75.0,B,Pass,Good
1063,Isha Roy,21,F,ME,5,74.7,74,62.0,69.0,56,59.0,47,86,261.0,65.25,C,Pass,Average
1064,Karan Mishra,19,M,ECE,4,80.29795918367347,62,91.0,87.0,88,78.0,78,58,328.0,82.0,A,Pass,Good
1065,Arjun Singh,21,M,EEE,4,72.9,90,79.0,58.0,57,47.0,43,75,284.0,71.0,B,Pass,Average
1066,Rohit Kumar,22,M,CSE,5,78.9,73,66.0,61.0,43,61.0,95,70,243.0,60.75000000000001,C,Pass,Average
1067,Arjun Patel,22,F,CSE,3,67.5,96,81.0,69.0,45,60.0,47,75,291.0,72.75,B,Pass,Average
1068,Shreya Verma,23,M,ME,6,78.2,73,64.0,87.0,67,64.0,76,79,291.0,72.75,B,Pass,Average
1069,Vivaan Nair,19,M,ECE,5,85.8,55,60.0,61.0,75,49.0,50,40,251.0,62.74999999999999,C,Pass,Average
1070,Sneha Gupta,23,F,EEE,3,70.3,90,63.0,94.0,95,74.0,44,83,342.0,85.5,A,Pass,Good
1071,Aman Das,23,M,IT,3,81.6,86,54.0,67.0,92,54.0,44,43,299.0,74.75,B,Pass,Average
1072,Rohan Das,23,F,IT,3,78.9,64,89.0,75.0,57,77.0,74,71,285.0,71.25,B,Pass,Average
1073,Anjali Patel,23,M,IT,5,83.7,46,50.0,64.0,83,98.0,95,76,243.0,60.75000000000001,C,Pass,Average
1074,Simran Sharma,21,M,ECE,6,80.7,73,62.0,61.0,77,72.0,80,92,273.0,68.25,C,Pass,Average
1075,Pooja Patel,22,F,IT,5,73.6,51,55.0,71.0,66,89.0,71,58,243.0,60.75000000000001,C,Pass,Average
1076,Diya Verma,23,M,IT,3,73.3,65,52.0,75.0,95,77.0,92,40,287.0,71.75,B,Pass,Average
1077,Diya Roy,22,F,CSE,4,80.7,84,93.0,81.0,80,73.0,88,43,338.0,84.5,A,Pass,Good
1078,Karan Das,23,M,EEE,6,93.7,76,52.0,51.0,80,83.0,91,55,259.0,64.75,C,Pass,Average
1079,Riya Kumar,21,M,ME,6,65.4,98,52.0,79.0,47,72.3061224489796,93,49,276.0,69.0,C,Pass,Average
1080,Pooja Das,23,F,IT,6,97.3,60,74.0,85.0,49,69.0,52,98,268.0,67.0,C,Pass,Average
1081,Nisha Roy,20,M,EEE,6,74.2,95,77.0,67.0,92,45.0,58,86,331.0,82.75,A,Pass,Good
1082,Rohit Nair,23,F,ECE,6,81.4,67,66.0,85.0,88,79.0,64,69,306.0,76.5,B,Pass,Good
1083,Ananya Singh,20,F,ECE,6,63.6,92,75.0,95.0,98,96.0,64,64,360.0,90.0,A+,Pass,Excellent
1084,Diya Kumar,22,M,ECE,5,93.3,73,51.0,83.0,98,74.0,40,86,305.0,76.25,B,Pass,Good
1085,Rahul Verma,20,M,IT,5,74.2,89,70.0,91.0,45,99.0,61,94,295.0,73.75,B,Pass,Average
1086,Diya Roy,22,F,IT,3,84.2,60,85.0,93.0,98,63.0,54,87,336.0,84.0,A,Pass,Good
1087,Aditya Verma,19,M,IT,4,87.0,46,47.0,70.0,90,48.0,58,62,253.0,63.24999999999999,C,Pass,Average
1088,Priya Verma,20,M,ME,6,82.4,95,56.0,60.0,51,50.0,79,95,262.0,65.5,C,Pass,Average
1089,Neha Nair,20,F,ME,4,70.4,85,61.0,79.0,56,87.0,40,97,281.0,70.25,B,Pass,Average
1090,Anjali Das,23,M,CSE,6,96.0,82,64.0,90.0,67,89.0,56,69,303.0,75.75,B,Pass,Good
1091,Rohit Singh,22,F,CSE,4,75.7,67,81.0,68.0,84,63.0,41,93,300.0,75.0,B,Pass,Good
1092,Diya Verma,21,M,ME,3,94.8,92,76.0,74.92857142857143,89,96.0,54,78,331.92857142857144,82.98214285714286,A,Pass,Good
1093,Priya Singh,20,F,ECE,3,94.5,86,47.0,69.0,90,73.0,42,77,292.0,73.0,B,Pass,Average
1094,Priya Kumar,19,F,EEE,6,68.3,53,95.0,84.0,96,68.0,73,72,328.0,82.0,A,Pass,Good
1095,Vikash Kumar,21,F,EEE,5,91.0,74,49.0,59.0,88,59.0,95,83,270.0,67.5,C,Pass,Average
1096,Aditi Verma,23,F,CSE,6,62.5,79,52.0,79.0,63,88.0,87,83,273.0,68.25,C,Pass,Average
1097,Vikash Nair,22,F,CSE,4,79.0,84,80.0,70.0,98,84.0,54,81,332.0,83.0,A,Pass,Good
1098,Aditya Gupta,21,F,CSE,4,63.6,47,64.0,81.0,47,51.0,55,96,239.0,59.75,D,Pass,Needs Improvement
1099,Isha Kumar,22,F,EEE,6,83.1,91,54.0,76.0,81,51.0,93,71,302.0,75.5,B,Pass,Good
1100,Nisha Verma,21,M,EEE,4,78.0,60,68.0,56.0,83,68.0,74,97,267.0,66.75,C,Pass,Average
